{"id":"54292b5ae4b011a99e129958","templateType":"SCATTERPLOT","name":"Vehicle Complaints Scatterplot","accountId":"51db7ad3e4b04caf9ab346c5","enabled":false,"type":"CUSTOM","components":[{"id":"54292b5ae4b011a99e129959","name":"style.css","type":"text/css","uploadDate":1411984218396},{"id":"54292b5ae4b011a99e12995b","name":"visualization.js","type":"text/javascript","uploadDate":1411984218400}],"libs":["d3.v3.min.js"],"objectFieldTypes":["NUMBER","MONEY","ATTRIBUTE","INTEGER"],"controls":["TimeLine","DirtyDataIndicator","FiltersIndicator","Undo","Info","Date","DataPalette","Filters","Bookmark","SpeedIndicator","PausedIndicator","Style","Zoom","NoDataIndicator","TimeTable","Share","Download"],"variables":[{"name":"Additional Metrics","type":"multi-metric","descr":"","attributeType":["MONEY","INTEGER","NUMBER"],"defaultValue":"count","colorMetric":false,"colorNumb":0,"metricType":"general","legendType":"palette","colors":"[]","colorSet":"Paired","required":false},{"name":"Group By","type":"group","descr":"","attributeType":["ATTRIBUTE"],"defaultValue":"","colorMetric":false,"colorNumb":0,"required":false},{"name":"Limit Results by Rank","type":"singlelist","descr":"","values":["Top","Bottom"],"colorMetric":false,"colorNumb":0,"required":false},{"name":"Size","type":"metric","descr":"","attributeType":["MONEY","INTEGER","NUMBER"],"defaultValue":"count","colorMetric":false,"colorNumb":0,"metricType":"general","legendType":"range","colors":"[]","colorSet":"Accent","required":false},{"name":"Visualization Description","type":"string","descr":"","defaultValue":"","colorMetric":false,"colorNumb":0,"required":false},{"name":"Visualization Name","type":"string","descr":"","defaultValue":"","colorMetric":false,"colorNumb":0,"required":false},{"name":"X","type":"metric","descr":"","attributeType":["MONEY","INTEGER","NUMBER"],"defaultValue":"count","colorMetric":false,"colorNumb":0,"metricType":"general","legendType":"range","colors":"[]","colorSet":"Accent","required":false},{"name":"Y","type":"metric","descr":"","attributeType":["MONEY","INTEGER","NUMBER"],"defaultValue":"count","colorMetric":false,"colorNumb":0,"metricType":"general","legendType":"range","colors":"[]","colorSet":"Accent","required":false}]}