{"id":"54292b7ce4b011a99e12b4d5","templateType":"BLANK","name":"Horizontal Bars by Make","accountId":"51db7ad3e4b04caf9ab346c5","enabled":false,"type":"CUSTOM","components":[{"id":"54292b7ce4b011a99e12b4d6","name":"Visualization.js","type":"text/javascript","uploadDate":1412265298641},{"id":"54292b7ce4b011a99e12b4d8","name":"style.css","type":"text/css","uploadDate":1412606771158}],"libs":["d3.v3.min.js"],"objectFieldTypes":["NUMBER","MONEY","ATTRIBUTE","INTEGER"],"controls":["TimeLine","DirtyDataIndicator","FiltersIndicator","Undo","Info","Date","DataPalette","Filters","Bookmark","SpeedIndicator","PausedIndicator","Style","Zoom","NoDataIndicator","TimeTable","Share","Download"],"variables":[{"name":"Group By","type":"group","descr":"","attributeType":["ATTRIBUTE"],"defaultValue":"","colorMetric":false,"colorNumb":0,"required":false},{"name":"X Axis","type":"metric","descr":"","attributeType":["MONEY","INTEGER","NUMBER"],"defaultValue":"count","colorMetric":false,"colorNumb":0,"metricType":"general","legendType":"range","colors":"[]","colorSet":"Accent","required":false}]}