{"id":"54292bb7e4b011a99e12f068","templateType":"BLANK","name":"Brushing Year","accountId":"51db7ad3e4b04caf9ab346c5","enabled":false,"type":"CUSTOM","components":[{"id":"54292bb7e4b011a99e12f069","name":"Visualization.js","type":"text/javascript","uploadDate":1412093519310},{"id":"54292bb7e4b011a99e12f06b","name":"style.css","type":"text/css","uploadDate":1411984311861}],"libs":["d3.v3.min.js"],"objectFieldTypes":["NUMBER","MONEY","ATTRIBUTE","INTEGER"],"controls":["TimeLine","DirtyDataIndicator","FiltersIndicator","Undo","Info","Date","DataPalette","Filters","Bookmark","SpeedIndicator","PausedIndicator","Style","Zoom","NoDataIndicator","TimeTable","Share","Download"],"variables":[{"name":"Group By","type":"group","descr":"","attributeType":["ATTRIBUTE"],"defaultValue":"","colorMetric":false,"colorNumb":0,"required":false},{"name":"Sort","type":"singlelist","descr":"","values":["Descending Value","Ascending Value","Alphabetical","Reverse Alphabetical"],"colorMetric":false,"colorNumb":0,"required":false},{"name":"Y Axis","type":"metric","descr":"","attributeType":["MONEY","INTEGER","NUMBER"],"defaultValue":"count","colorMetric":false,"colorNumb":0,"metricType":"general","legendType":"range","colors":"[]","colorSet":"Accent","required":false}]}