{"id":"54292b31e4b011a99e12795b","templateType":"ZOOMABLE_MAP","name":"Vehicle Complaints US Map","accountId":"51db7ad3e4b04caf9ab346c5","enabled":false,"type":"CUSTOM","components":[{"id":"54292b31e4b011a99e12795c","name":"style.css","type":"text/css","uploadDate":1411984177261},{"id":"54292b31e4b011a99e12795e","name":"zoomable_map.js","type":"text/javascript","uploadDate":1412178157515}],"libs":["d3.v3.min.js","us-states.js"],"objectFieldTypes":["NUMBER","MONEY","ATTRIBUTE","INTEGER"],"controls":["TimeLine","DirtyDataIndicator","Color","FiltersIndicator","Undo","Info","Date","Filters","Bookmark","SpeedIndicator","PausedIndicator","Style","NoDataIndicator","TimeTable","Share","Download"],"variables":[{"name":"Additional Metrics","type":"multi-metric","descr":"","attributeType":["MONEY","INTEGER","NUMBER"],"defaultValue":"count","colorMetric":false,"colorNumb":0,"metricType":"general","legendType":"palette","colors":"[]","colorSet":"Paired","required":false},{"name":"Color","type":"metric","descr":"","attributeType":["MONEY","INTEGER","NUMBER"],"defaultValue":"count::{\"colorNumb\"|8,\"legendType\"|\"palette\",\"colors\"|\"[{\\\"name\\\"|\\\"Color 1\\\",\\\"color\\\"|\\\"#ffffcc\\\"},{\\\"name\\\"|\\\"Color 2\\\",\\\"color\\\"|\\\"#ffeda0\\\"},{\\\"name\\\"|\\\"Color 3\\\",\\\"color\\\"|\\\"#fed976\\\"},{\\\"name\\\"|\\\"Color 4\\\",\\\"color\\\"|\\\"#feb24c\\\"},{\\\"name\\\"|\\\"Color 5\\\",\\\"color\\\"|\\\"#fd8d3c\\\"},{\\\"name\\\"|\\\"Color 6\\\",\\\"color\\\"|\\\"#fc4e2a\\\"},{\\\"name\\\"|\\\"Color 7\\\",\\\"color\\\"|\\\"#e31a1c\\\"},{\\\"name\\\"|\\\"Color 8\\\",\\\"color\\\"|\\\"#b10026\\\"}]\",\"colorSet\"|\"YlOrRd\"}","colorMetric":false,"colorNumb":0,"metricType":"color","legendType":"palette","colors":"[{\"name\":\"Color 1\",\"color\":\"#ffffcc\"},{\"name\":\"Color 2\",\"color\":\"#ffeda0\"},{\"name\":\"Color 3\",\"color\":\"#fed976\"},{\"name\":\"Color 4\",\"color\":\"#feb24c\"},{\"name\":\"Color 5\",\"color\":\"#fd8d3c\"},{\"name\":\"Color 6\",\"color\":\"#fc4e2a\"},{\"name\":\"Color 7\",\"color\":\"#e31a1c\"},{\"name\":\"Color 8\",\"color\":\"#b10026\"}]","colorSet":"YlOrRd","required":false},{"name":"State","type":"attribute","descr":"","attributeType":["ATTRIBUTE"],"colorMetric":false,"colorNumb":0,"required":false},{"name":"Tile Provider","type":"singlelist","descr":"","values":["OpenStreetMap (no API key required)","CloudMade","MapBox"],"colorMetric":false,"colorNumb":0,"required":false},{"name":"Tile Provider API Key","type":"string","descr":"API key for the tile provider chosen. OpenStreetMap does not require an API key.","defaultValue":"","colorMetric":false,"colorNumb":0,"required":false},{"name":"Visualization Description","type":"string","descr":"","defaultValue":"","colorMetric":false,"colorNumb":0,"required":false},{"name":"Visualization Name","type":"string","descr":"","defaultValue":"","colorMetric":false,"colorNumb":0,"required":false}]}