{"id":"54292b3ce4b011a99e128066","templateType":"BLANK","name":"Vehicle Injuries Gauge","accountId":"51db7ad3e4b04caf9ab346c5","enabled":false,"type":"CUSTOM","components":[{"id":"54292b3ce4b011a99e128067","name":"Visualization.js","type":"text/javascript","uploadDate":1411984188423},{"id":"54292b3ce4b011a99e128069","name":"style.css","type":"text/css","uploadDate":1411984188426}],"libs":["d3.v3.min.js","epoch.min.js"],"objectFieldTypes":["NUMBER","MONEY","ATTRIBUTE","INTEGER"],"controls":["TimeLine","DirtyDataIndicator","FiltersIndicator","Undo","Info","Date","DataPalette","Filters","Bookmark","SpeedIndicator","PausedIndicator","Style","Zoom","NoDataIndicator","TimeTable","Share","Download"],"variables":[{"name":"Count","type":"metric","descr":"","attributeType":["MONEY","INTEGER","NUMBER"],"defaultValue":"count","colorMetric":false,"colorNumb":0,"metricType":"general","legendType":"range","colors":"[]","colorSet":"Accent","required":false}]}